article,reference,prediction
"(CNN) I see signs of a revolution everywhere. I see it in the op-ed pages of the newspapers, and on the state ballots in nearly half the country. I see it in politicians who once preferred to play it ...","CNN's Dr. Sanjay Gupta says we should legalize medical marijuana now .
He says he knows how easy it is do nothing ""because I did nothing for too long""","eric liu sees signs of a medical marijuana revolution everywhere. liu sees it in the eyes of sterling scientists, previously reluctant to dip a toe into stigmatized world. liu sees it in the faces of good parents, uprooting their lives to get medicine for their children."
"He looks barely teenage. But this child has amassed thousands of Twitter followers with his pictorial updates of 'gang life'. The baby-faced boy from Memphis, Tennessee, poses with guns, cash, and bag...","Child has amassed thousands of Twitter followers with 'gang life' photos .
In one video he points gun at camera as adults look on unfazed .
His tweets have prompted backlash with calls for intervention .","Baby-faced boy from Memphis, Tennessee, poses with guns, cash, and marijuana. He has prompted a wave of critics calling his stunts'sad' In many pictures he laughs and points the gun at the camera in an apparent attempt to look menacing."
New Jersey Governor Chris Christie wasn't looking too presidential Tuesday night when he got into a heated debate with a veteran teacher at a town hall meeting. And now the state's largest teacher's u...,"The presidential hopeful held a town hall meeting in Kenilworth on Tuesday .
During the meeting, high school English teacher Kathy Mooney got up to ask the governor a question about pensions .
She asked why he didn't seek a higher legal settlement in a case with ExxonMobil that would have contributed to the state's pension system .
Christie responded by repeatedly asking how much Mooney knew about the deal instead of answering her question .","New Jersey's largest teacher's union is calling Chris Christie out for his 'bullying' behavior. 'He's always taken a very nasty and disrespectful tone with teachers and other individuals who dare to question him at these events,' said Steve Wollmer of the NJ Education Association. Christie's ambitions to run in the Republican presidential primaries next year."
"YouTube star Cassey Ho has hit back at critics with a powerful and provocative new video, highlighting the cruel comments left by viewers of her fitness-focused clips who accuse the trim and toned onl...","Cassey Ho boasts over two million subscribers on her YouTube channel Blogilates .
The 28-year-old receives hundreds of comments a day telling her that she needs to lose weight .","Cassey's YouTube channel, Blogilates, has over two million subscribers. The slim and toned blogger is getting the last word with her latest video, The 'Perfect' Body, which examines just whether conforming to society's standards is the key to happiness. The 28-year-old said negative comments on her videos are nothing new, but the flood of nastiness has grown especially bad lately."
"British taekwondo fighter Aaron Cook has confirmed he plans to compete for Moldova at the 2016 Olympics in Rio. Dorset-born Cook, 24, who was overlooked for the Great Britain taekwondo squad at London...","Aaron Cook was overlooked by Team GB for the London Olympics .
Taekwondo star has received citizenship from Moldova and plans to fight for them at the Rio 2016 Games .
The British Olympic Association could yet block the move .",British taekwondo fighter Aaron Cook has been granted citizenship by Moldova. The 24-year-old was overlooked for the Great Britain taekwondo squad at London 2012. Cook applied for citizenship after receiving funding from Moldovan billionaire Igor Iuzefovici.
"As the countdown continues to Floyd Mayweather's mega-fight with Manny Pacquiao in Las Vegas on May 2, The Money Man's daughter Iyanna Mayweather has shared her thoughts about life in training with he...","Floyd Mayweather will fight Manny Pacquiao in Las Vegas on May 2 .
The bout is expected to generate $300 million in revenue .
Iyanna Mayweather has been in training camp with her father Floyd .",Floyd Mayweather vs Manny Pacquiao will generate revenue upwards of $300 million in what is being billed as the most lucrative bout in boxing history. Mayweather vs Pacquiao will generate revenue upwards of $300 million in what is being billed as the most lucrative bout in boxing history. Iyanna Mayweather says she is amazed by her dad's work ethic in the gym and is amazed by his jump rump skills.
Arsene Wenger admits he is concerned Theo Walcott’s confidence is plummeting after his struggles with England this week. The Arsenal manager will have a heart-to-heart chat with the forward ahead of S...,"Arsene Wenger will have chat with Theo Walcott ahead of Arsenal clash .
Walcott was substituted after 55 minutes of England's draw with Italy .
Arsenal boss is Wenger is concerned by the winger's confidence .
The Gunners take on Liverpool at the Emirates Stadium on Saturday .",Theo Walcott was hauled off after 55 minutes of England's 1-1 draw against Italy on Tuesday night. Arsenal boss Arsene Wenger admits he is concerned the winger's confidence is plummeting. Walcott could face Liverpool on Saturday with Alex Oxlade-Chamberlain injured and Danny Welbeck a doubt.
An Australian doctor is the face of the latest Islamic State propaganda video in which the terrorist organisation announces the launch of its own health service in Syria. The propaganda video shows a ...,"New video features an Australian doctor called Abu Yusuf al-Australi .
The doctor calls on foreigners with training to join the ISIS health service .
He is seen handling babies while dressed in western-style surgical scrubs .
The video appears to be mimicking Britain's National Health Service .
Nine British medical students recently travelled to Syria to join ISIS .",Vision shows a man with an Australian accent who calls himself 'Abu Yusuf' The vision is the latest in a string of high budget propaganda videos from the depraved militant group. Yusuf urges foreign Muslims with medical training to come forward and join the latest caliphate initiative.
"As Prime Minister David Cameron puts it, on St George’s Day  we should ‘celebrate everything it is to be English’. But what does it mean to be English? From the Romans, Saxons and Normans many hundred...","Fish and chips has believed to be partly Portuguese and partly Belgian .
The tea bag was accidentally invented by a New York tea merchant .
Saint George himself is thought to have been born in Syria .","FEMAIL reveals the seemingly very English things that have actually been brought to England by people from abroad. For most of us, the classic combination of battered fish and chipped potatoes deep-fried in beef fat or vegetable oil is as English as the cup of tea that washes it down. But just as tea originates in India or China, fish and chips is partly Portuguese and partly Belgian."
A 13-year-old Indian girl faced with an arranged marriage has written a letter to her teacher begging her to stop the wedding (stock image above) A 13-year-old Indian girl faced with an arranged marri...,"Duli Hembrom wrote to the principal at Milan Mithi Uchha Vidyalaya .
Said parents refused to cancel the wedding and did not want to go ahead .
Child Marriage Restraint Act specifies a girl must be 18 before she can wed .","Duli Hembrom wrote to the principal of Milan Mithi Uchha Vidyalaya. She failed to convince her parents to call off the wedding in two days. She wrote: 'I do not want to get married, I took an oath at the time of admission that I will not get married before I turn 18' It is thought the 'oath' Duli refers to is the school's promise she had to make when she started, but exactly what it included is not known"
Hillsborough investigators have launched an appeal to track down  fans who tended to the wounded as they lay dying on the pitch at the 1989 disaster. Photographs which show the men and woman rushing t...,"Investigators have released a handful of photographs to help inquiries .
They show fans rushing to tend to the dying as they lay on football pitch .
Police say the people photographed could address unanswered questions .
A Home Office probe into 1989 disaster which claimed 96 lives is ongoing .
Anyone with information is urged to call 08000 283 284 or visit www.operationresolve.co.uk .
Anyone who can identify any of the people in the images should call Operation Resolve on 08000 283 284 or via the website www.operationresolve.co.uk .","Photographs of football fans rushing towards those crushed have been released. They form part of an ongoing Home Office inquiry aiming to establish whether any individual or organisation was to blame for the 1989 Hillsborough disaster. The people in the photographs may be able to tell victims' families more about how they died, officials said."
(CNN)Sunday's announcement that Corinthian Colleges Inc. would shut down all of its remaining 28 campuses is a positive development in a long struggle to hold for-profit colleges accountable. Corinthi...,"David Wheeler: Corinthian, considered a ""predator"" school, will shut down campuses .
Wheeler: Students of for-profit colleges are hapless victims; their debts should be forgiven .",Corinthian Colleges Inc. will shut down all of its remaining 28 campuses. The for-profit college business is a multibillion-dollar industry.
"Bayern Munich legend Franz Beckenbauer believes Jurgen Klopp could succeed Pep Guardiola at the Allianz Arena. Klopp, who won two Bundesliga titles in seven years, has confirmed he will leave Borussia...","Franz Beckenbauer thinks Jurgen Klopp could be next Bayern Munich boss .
Klopp has already confirmed he will leave Borussia Dortmund this summer .
Beckenebauer believes Klopp has what it takes to replace Pep Guardiola .
Guardiola has a contract until 2016 but has been linked with a move away .",Bayern Munich legend Franz Beckenbauer believes Jurgen Klopp could succeed Pep Guardiola at the Allianz Arena. Klopp won two Bundesliga titles in seven years with Borussia Dortmund. Beckenbauer believes Klopp would be the perfect fit for Bayern when Guardiola moves on.
"Faris Al-Khori, 62, was found with a hoard of explosive ingredients and recipes for bombs in his flats . A former Syrian doctor has been jailed after police discovered a hoard of explosive ingredients...","Faris Al-Khori, 62, was found with dozens of bomb-making ingredients .
Police found chemicals, nails, ball bearings, toxic beans and instructions .
Discovery made during a fire at his block of flats in Edinburgh last year .
He pleaded guilty and was sentenced to three years and four months in jail .","Faris Al-Khori had dozens of chemicals, poisonous materials, bolts and handwritten notes on how to make a bomb. The equipment was found purely by chance in April last year after a fire at a block of flats in the Muirhouse area of Edinburgh. Firefighters forced entry to a flat registered to Al-Khori and found jars containing various powders. Castor beans, which can be used to make ricin, were also found."
David Cameron will say that high taxes are 'immoral' as 14 million working households receive a tax cut . David Cameron will say today that high taxes and wasteful government spending are ‘immoral’ as...,"More than nine in ten working households will receive a tax cut from today .
Personal allowance rising to £10,600 - putting extra £17 a month in pockets .
Cameron due to set out case for people keeping more of their own money .
He will argue for continued lower taxes, with less spent on ‘bureaucracy’
A rise in the personal allowance from £10,000 to £10,600.
The first increase in the 40p higher threshold – in line with inflation – for five years.
The £1,060 Marriage Tax allowance, which benefits traditional couples where one parent does not work.
A one per cent increase in working age benefits.","Prime Minister will set out Conservative case for people keeping more of their own money. He will argue for continued lower taxes, with less spent on 'bureaucracy'"
Police say they have no objections to the late afternoon kick-off for Sunday's Manchester derby at Old Trafford. With plenty at stake for both United and City – both sides are challenging for a top-fo...,"Manchester United take on Manchester City on Sunday .
Match will begin at 4pm local time at United's Old Trafford home .
Police have no objections to kick-off being so late in the afternoon .
Last late afternoon weekend kick-off in the Manchester derby saw 34 fans arrested at Wembley in 2011 FA Cup semi-final .",Police say they have no objections to Sunday's Manchester derby. Both sides are challenging for a top-four spot in the Premier League. The kick-off was agreed by all parties and revealed that the decision is down to good behaviour from supporters of each side.
"Crawling commando-style underneath an open-sided Land Rover, I came virtually nose to nose with a 4,500lb horned rhino. I tried to slow my breathing as she looked straight at me. I needed to be calm t...","Alexander Kutner travelled with his Sky presenter mum, Kay Burley .
They stayed at the Ulusaba reserve in South Africa's Sabi Sands .
The  stay at Cliff Lodge had luxury furnishings, soft sheets and a chef .","The luxurious Ulusaba Game Reserve is in South Africa's Sabi Sands. It is Sir Richard Branson's private game reserve and is in South Africa's Sabi Sands. Kutner came face to face with three rhinos, along with documenting the roar of a bush lion, the yawn of a hippo and the prowl of a glorious leopard."
The mother of a pregnant woman who woke up from a four-month coma earlier this month said she knew doctors were wrong when they told her that her 20-year-old daughter wouldn't wake up. Anna Moser's da...,"Sharista Giles of Sweetwater, Tennessee, went into a coma after a car accident in December .
Doctors forced delivery of her baby in January and Giles opened her eyes for the first time earlier this month .
She is still nonverbal and is on a ventilator to help her breathe, but has moved her head when she recognizes voices .
Her mother, Anna Moser, believes Giles will make a full recovery and will be able to raise her son on her own .","Sharista Giles of Sweetwater, Tennessee, was driving home from a concert in December when a car accident sent her to the hospital with injuries so bad doctors believed she would never recover. She was five months pregnant at the time and in January doctors were forced to deliver the baby early, a little boy named Leighton Isiah Giles. When Giles finally did open her eyes, Moser said her daughter wasn't herself it appeared that she wasn't sure what was going on around her."
"(CNN)I would have done anything to get to Europe. It was worth the risk, the bad treatment and the fear, hard as that may be to believe. Simply put, I have a better life now than I did before. But my ...","Moutassem Yazbek describes harrowing 12-day journey from Turkey to Italy .
Yazbek, a Syrian refugee, paid a smuggler $6,500 to get him to Italy in December .","Syrian smuggling from Turkey to Italy by sea is a long-term business. I met a smuggler in a hotel in Mersin who paid money to a smuggler. The money would be released to the smuggler or, if he changed his mind, I'd be able to get some of it back."
Leicester City midfielder Esteban Cambiasso knows what it feels like to claim football's biggest prizes but says saving the Premier League strugglers from relegation would be one of the highlights of ...,"Decorated former Argentina international Esteban Cambiasso says that keeping Leicester up this season would be like 'another cup'
The former Inter Milan and Real Madrid midfielder joined Leicester last summer on a free transfer, signing a one-year deal .
Leicester are currently bottom of the Premier League table with 19 points from 29 games and take on West Ham in their next fixture .",Esteban Cambiasso says winning a cup or winning the league with another team is the same now as having the possibility to save Leicester in the Premier League. Cambiasso won five back to back Serie A titles between 2005 and 2010 while playing for Inter Milan.
A murderer who strangled a woman and put her body in a cupboard has been rearrested after three weeks on the run. William Kerr absconded from a bail hostel in Hull after he was released from HMP Stock...,"William Kerr was released on licence in January but left bail hostel in Hull .
53-year-old was jailed in 1998 for the murder of Maureen Comfort .
Ms Comfort's body was found in a cupboard in her flat by relatives .","William Kerr absconded from a bail hostel in Hull after he was released from HMP Stocken in Rutland on licence in January. The 53-year-old, jailed in 1998 for the murder of Maureen Comfort, was apprehended in the street in Waterloo, south London, around 7pm on Friday. His arrest came after a £5,000 reward was offered for information about his whereabouts on BBC's Crimewatch."
A cleaner who feared a body he found was a murder victim had in fact found a  900-year-old mummy. The preserved remains were discovered in a cardboard box by street cleaners in north-western Peru. The...,"The stolen Peruvian mummy was abandoned by archaeological dig site .
Street cleaners found the remains in a box and called police .
Believed stolen from Chan Chan capital of the Chimu Empire .","The remains were discovered in a cardboard box by street cleaners in Peru. The mummy, thought to date back to 1100 AD, was found wrapped in rope. It was dumped inside the box in front of an archaeological dig in Trujillo."
Hundreds of passengers on a New York City subway train were evacuated from cars in an underwater tunnel after a fire during the Monday morning commute. A train heading from Queens into Manhattan was s...,"Train suddenly stopped on 7 line between Queens and Manhattan .
Passengers evacuated to Grand Central Station with rescue train .
Riders spent roughly and hour and a half trapped underground .
No injuries, though one woman requested attention after feeling faint .",Train headed from Queens into Manhattan was stalled underneath the East River. Conductor saw smoke coming from the board along the track's third rail. More than 500 passengers were taken to Manhattan after spending roughly an hour and a half trapped. Service on the 7 line was suspended for just less than two hours.
"Wasps made an honourable and defiant exit from the Champions Cup on Sunday as they took the holders to the wire and may have clinched a seismic upset, but for a glaring official oversight. Dai Young’s...","Toulon beat Wasps in their European Rugby Champions Cup quarter-final .
Toulon and Wasps scored two tries each at the Felix Mayol Stadium .
No 10 Frederic Michalak kicked six penalties and two conversions .
William Helu scored two tries for the visitors in a gallant effort .
They face Leinster for a place in the European Champions Cup final .
Saracens earlier defeated Racing Metro 92 by 12-11 in a thriller .","Wasps defeated Wasps 1-0 in the Champions Cup on Sunday. Ali Williams scored a late try for Toulon in the first half. Toulon are back-to-back continental champions, awash with Test talent."
"Jonathan Trott's first innings on his return to Test cricket for the first time in 17 months was brief and unsuccessful, as he was caught at first slip just three balls in. Trott last played a Test fo...","Jonathan Trott out after three balls, caught by Darren Bravo at slip .
Trott is playing his first Test for over a year after stress-related illness .
Warwickshire batsman was promoted to open, but failed in first innings .
Follow the first Test live HERE .",Jonathan Trott was dismissed for a duck in his first game in 17 months. The Warwickshire batsman had been preferred to Adam Lyth still to make his England debut. England slumped to 1-1 after just five balls after being put into bat by the West Indies.
"A Briton jailed in Burma for using an image of the Buddha to promote his bar has been ‘abandoned’ by the Foreign Office, according to human rights campaigners. Phil Blackwood was sentenced to two-and-...","Phil Blackwood was sentenced to two-and-a-half years with hard labour .
Posted the mocked-up image advertising a cheap drinks night on Facebook .
32-year-old was found guilty of insulting religion despite apologising .",Phil Blackwood was sentenced to two-and-a-half years with hard labour by a Burmese court last month. He posted mocked-up image of Buddha wearing DJ headphones on Facebook. He was found guilty of insulting religion along with bar's owner and another manager. Human rights campaigners claim he has been 'abandoned' by the Foreign Office.
"Ronald Koeman called for Southampton's players to show maturity, nous and respect after Victor Wanyama's future came under question. This weekend brings with it arguably Saints' biggest match of the s...","Ronald Koeman has urged his team to focus on European qualification .
Koeman is trying to ignore media speculation about his players .
The Saints manager rubbished claims about Victor Wanyama leaving .
Boss says he is not surprised his players want Champions League football .",Ronald Koeman spoke to Victor Wanyama and his other players to refocus them on the last five league games. Wanyama's claims Arsenal were interested in his services were the catalyst. Koeman has repeatedly insisted a similar situation will not arise this time around.
"A Wisconsin church's four-decade tradition of people mud-wrestling pigs at a summer fundraiser has been cancelled after complaints the animals were 'punched in the face, body slammed and jumped on'. S...","St Patrick's Parish in Wisconsin said its four-decade tradition, Original Pig Rassle, will be replaced with human mud foosball this summer .
Global Conversation Group started online petition last August to cancel event claiming it was inhumane; it collected more than 81,000 signatures .
The group said they are 'very proud of the church for doing what's right' and consider this a huge step for animal welfare .","St Patrick's Parish in Stephensville, Wisconsin said in a statement that the Original Pig Rassle will be replaced this August with a human mud foosball tournament. Global Conservation Group, an animal advocacy group, launched an online petition claiming the tournament was inhumane to the pigs. It garnered more than 81,000 signatures in efforts to cancel the event."
"Memphis Depay had a secret meeting with Manchester United on Wednesday as the club look to tie up a move for the PSV Eindhoven winger. Depay, 21, jetted to England with representatives including his a...","Manchester United looking to tie up a deal for Memphis Depay .
The Dutchman has been in scintillating form for PSV this season .
Depay met with United on Wednesday but Phillip Cocu was unaware .
Cocu did, however, concede the Premier League is 'great'
CLICK HERE for all you need to know about Depay .",Memphis Depay jetted to England with representatives including his agent Kees Ploegsma for a summit with a United delegation led by manager Louis van Gaal. United are leading the hunt for the pacy Holland international but face opposition from Paris Saint- Germain while Liverpool have expressed an interest.
Floyd Mayweather Jnr's personal chef responsible for fuelling the the fighter ahead of his $300million clash with Manny Pacquiao has revealed her boss does have some weaknesses when it comes to food. ...,"Floyd Mayweather meets Manny Pacquiao in Las Vegas on May 2 .
Chef Q Quiana Jeffries prepares US boxer's food using organic produce .
She says champ has a soft spots for Twizzlers, noodles and fried hotdogs .","Quiana Jeffries, aka Chef Q, has been cooking for Floyd Mayweather since his fight for Manny Pacquiao was announced. The 38-year-old insists on eating organic food before his fight, although there are a few exceptions. 'Twizzlers are his favorite,' Jeffries reveals in an interview."
"It wouldn’t make much of a breakfast, but this tiny egg could give a schoolgirl and her pet hens a place in the Guinness Book of Records. Shannon Hayes, 12, believes one of them has laid the smallest ...","Shannon Hayes spotted the tiny egg at her home in Carmarthenshire .
She rescued it fearing it was going to be crushed by the regular eggs .
The 12-year-old measured the egg and discovered it was just 1.9cm long .
It is believed the previous record holder was a 2.1cm egg laid in Somerset .","Shannon Hayes believes her pet hen has laid the world's smallest egg. It measures just 1.8cm - smaller than a 5p coin - shaves two millimetres off the previous title-holder. She keeps seven hens at her family home in Capel Iwan, Carmarthenshire."
"The never-ending chaos at Leeds continued on Friday as six players withdrew from Saturday's game at Charlton citing injury. Italian quartet Mirco Antenucci, Giuseppe Bellusci, Dario del Fabro and Marc...","Leeds United travel to Charlton Athletic on Saturday in the Championship .
Mirco Antenucci, Giuseppe Bellusci, Dario del Fabro, Marco Silvestri Souleymane Doukara and Edgar Cani have withdrawn from squad .
Understood that Neil Redfeard and physios were not aware of the injuries .","Mirco Antenucci, Giuseppe Bellusci, Dario del Fabro and Marco Silvestri, Souleymane Doukara and Edgar Cani all told beleaguered head coach Neil Redfearn they were injured. Five of the sextet were signed by banned president Massimo Cellino, while Cani's deal was set-up by the Italian before he was banned by the Football League for failing its Owners and Directors Test."
All well and good having Brazilians in your team but they have to be the right ones – Barcelona reached the Champions League semi-finals at the Nou Camp at Paris Saint Germain’s expense and Neymar tie...,"Barcelona through to Champions League semi-finals after 5-1 aggregate win over Paris Saint-Germain .
Damage was done in first leg as Barcelona scored three away goals to take a healthy lead back to the Nou Camp .
Neymar scored twice in the first half to put result beyond any doubt on Zlatan Ibrahimovic's return to Barca .",Neymar opened the scoring for Barcelona on Tuesday night. The former Chelsea defender scored his and Barcelona's second goal of the night. Luis Suarez was also booked inside the first five minutes for a foul on Andres Iniesta.
The twin 18-month-old boys who died after falling into an Arizona canal last week have been identified as bothers Eli and Silas Keslar of Yuma. While authorities in the southern Arizona town have not ...,"Twin 18-month-old boys were pulled from a Yuma, Arizona canal on Friday .
Authorities still have not explained what led the boys to be swept away in the canal, but they don't suspect foul play .
Over the weekend, a Go Fund Me page was set up to cover their memorial and medical costs .
The campaign page identified the boys as Eli and Silas Keslar, sons of Mark and Alexis Keslar .","The twin 18-month-old boys who died after falling into the Arizona canal last week have been identified as bothers Eli and Silas Keslar of Yuma. Authorities in the southern Arizona town have not yet officially identified the victims, but a Go Fund Me page set up this weekend named them and their parents. The fund to cover memorial and medical costs for the boys has already raised over $10,000."
"A New York City cop checking in on his elderly parents on Friday was horrified to discover them dead along with two other guests in their home. Robert Hugel, who is assigned to the Technical Assistanc...","NYC cop Robert Hugel discovered his parents Jerry, 83 and Marianne Hugel, 80, dead in their Queens home with 'carbon monoxide poisoning'
The elderly couple was found dead along with neighbor Gloria Greco, 70, and friend Walter Vonthadden, 76 .
It appeared the car was accidentally left running in the garage, but it was unclear for how long, investigators said .
Neighbors say the couple were happily married for 60 years .","Robert Hugel, who is assigned to the Technical Assistance Response Unit, found the victims, all in their 70s and 80s, just after 3 p.m. at the house in Bellerose in Floral Park, Queens. Neighbors lined the streets and sidewalks in the suburban neighborhood next to Long Island's Nassau County."
"Manchester United will have to wear Nike kit during their summer tour of the US, despite their world-record deal with adidas. The club are expected to jet across the Atlantic in July for a trip of aro...","Manchester United signed a £750million, 10-year kit deal with adidas .
But the Old Trafford club will have to wear old Nike kit on US tour .
United are expected to stage a 12-day tour of the US west coast .
There is no buy-out agreement in Nike's current deal which ends in July .",Manchester United will have to wear Nike kit during their US tour. The club are expected to jet across the Atlantic in July for a trip of around 12 days. There is no buy-out clause in the deal that ends in July.
It’s one of the most striking style transformations in British politics. SNP leader Nicola Sturgeon has left her boxy jackets and severe suits in the past - and she proved her new style credentials wi...,"SNP's Nicola Sturgeon looked glamorous as she arrived at BBC yesterday .
Nationalist wore fuchsia dress that flattered her slimmed-down physique .
Miss Sturgeon has left her boxy jackets and severe suits in the past .
She is rumoured to have hired a personal shopper and a stylist in 2007 .",SNP leader Nicola Sturgeon has left her boxy jackets and severe suits in the past. The 44-year-old looked particularly glamorous on her way to BBC's Andrew Marr Show in a fuchsia column dress that flattered her slimmed-down physique. She is rumoured to have hired a personal shopper and employed a stylist in the run-up to the Scottish parliament election in 2007.
Roberto Carlos has revealed his desire to one day become manager of Brazil and the former Real Madrid defender claims he finds coaching 'very easy' after the pressures he faced as a player. The 42-yea...,"Roberto Carlos says the pressures faced as a player makes coaching easy .
He won the World Cup with Brazil and  Champions League with Real Madrid .
The former defender said he learnt from all the managers he played under .",Roberto Carlos won the 2002 World Cup with Sivasspor and Akhisar Belediyespor. The 42-year-old has already worked on the sidelines with Sivasspor and Akhisar Belediyespor. Carlos has not had his confidence shaken and aims to eventually lead Brazil.
Ed Miliband today rushed to Scotland to try to shore up his hope of becoming Prime Minister as a damning poll showed almost half of Scots are ready to back the SNP. The Labour leader used a speech in ...,"YouGov poll of Scots: 49% backing SNP, 25% Labour,  18% Conservatives .
SNP leader Nicola Sturgeon offered to prop up Miliband in government .
But she is demanding full fiscal autonomy as a price for her support .
Miliband warns it would create a £7billion blackhole in Scottish finances .","Labour leader claims Tory election campaign has descended into 'desperation and panic' In Scotland, 49 per cent of people plan to vote for the SNP, with just 25 per cent backing Labour. In September's referendum, 55 per cent voted in favour of staying in the UK. SNP has seen a surge in support since then and is set to take dozens of seats from Labour in the general election on May 7."
"A young waitress has claimed that England footballer Aaron Lennon grabbed her, slapped her and ripped her top as he partied in the VIP suite of a nightclub. The 18-year-old reportedly fled to the toil...","Lennon reportedly partied at Suede nightclub in Manchester on April 4 .
Venue packed with hundreds who had come to see Trey Songz perform .
Alleged victim says £55,000-a-week star left her with bruise below her eye .
Tottenham winger, on loan to Everton, interviewed on suspicion of assault .
Greater Manchester Police spokesperson said no arrests have been made .","Aaron Lennon allegedly grabbed her, slapped her and ripped her top. The 18-year-old reportedly fled to the toilet in tears and told police he left her with a bruise below her eye. The 28-year-old is on loan to Everton and has 21 England caps."
When Barcelona midfield maestro Xavi came on as a half-time substitute against PSG in the Champions League quarter-final on Tuesday night he sent records tumbling. The former Spain international playe...,"Barcelona beat PSG 2-0 on Tuesday to reach Champions League semi-final .
Xavi came on at half-time to make his 148th appearance in the competition .
It is more than any other player but Iker Casillas can equal it on Wednesday .
Xavi also broke the record for most knockout stage appearances with 53 .",Xavi made his 148th Champions League appearance against PSG on Tuesday night. Real Madrid goalkeeper Iker Casillas is in line to equal Xavi's total in both Champions League games and knockout matches. Xavi also became the leading appearance-maker in all European competition with 170.
The first dramatic footage of the Hatton Garden jewellery heist shows how the gang returned twice in three days to continue their audacious robbery  - as it is revealed police may have to pay out mill...,"CCTV images reveal how the six-strong gang worked through the night .
Professional gang seen using wheelie bins to carry their ill-gotten gains .
Footage revealed as Scotland Yard admits it did not respond to the alarm .
Police force could now be forced to pay out millions in compensation .","Six-strong gang dressed in high-vis jackets captured on CCTV working throughout Thursday night. They broke into the basement of the building in the heart of London's jewellery district. Shockingly, the footage reveals they returned again on Saturday - spending another eight hours cleaning out the jewels and cash left there for safekeeping. Scotland Yard tonight refused to confirm whether they had seen the footage before it was handed to them by the Mirror."
Thierry Henry has criticised Arsenal's recent dealings in the transfer window and has urged his former side to purchase four top players in the summer. The Frenchman believes Arsenal need a goalkeeper...,"Thierry Henry hit out at Arsenal striker Olivier Giroud after Chelsea draw .
The Sky Sports pundit does not believe Giroud can lead side to glory .
Arsenal need four 'top quality' stars to challenge for Premier League title .
Henry's former side drew 0-0 with Chelsea at the Emirates Stadium .
READ: Arsenal needed to ask different questions of the Chelsea defence .","Thierry Henry says Arsenal need a goalkeeper, centre back, defensive midfielder and striker. The Frenchman was speaking after Arsenal's goalless draw with Chelsea. Henry also hit out at Olivier Giroud by claiming the Gunners will struggle to win the league if his fellow countryman is to remain the club's first choice striker."
"New York Governor Andrew Cuomo has become the first governor in five years to visit Cuba, following President Obama's ease on trade and travel to  the communist nation. The Governor is heading a deleg...","Cuomo first US governor to visit Cuba since ease on trade and travel .
Heads delegation of 18 New York academics and business leaders .
President Obama eased trade and travel restrictions earlier this year .",Governor is heading a delegation of 18 academics and business leaders visiting the island in the wake of the December announcement that the US and Cuba would restore diplomatic relations. Cuomo said the purpose of his visit was to see what can be done now and look to the future should full trade be restored.
"The desperate parents of a boy whose head hangs at a 180-degree angle have admitted they would rather he died than continue to suffer. Mahendra Ahirwar, 12, from Madhya Pradesh in central India, suffe...","Mahendra Ahirwar, 12,  has a bent neck and his head hangs from his body .
His parents Mukesh and Sumitra Ahirwar say they'd rather their son died .
They claim Mahendra has seen 50 doctors but none have given a diagnosis .","Mahendra Ahirwar, 12, suffers from a rare condition that makes his neck bend and his head hang from his body. His weak backbone means he can just about crawl but needs help to eat and go to the toilet."
"A hardware store worker has been found guilty of ejaculating in his female colleague's coffee in a bid to get noticed. John R. Lind, 34, admitted on Thursday to tainting Pat Maahs' drink with his seme...","John R. Lind, 34, from New Brighton, Minnesota admitted to tainting drink .
The bizarre act was part of a ploy to get co-worker Pat Maahs to notice him .
Would do it when she wasn't at her desk at Beisswenger’s hardware store .
He will be sentenced for the misdemeanor on May 22 .","John R. Lind, 34, admitted to tainting Pat Maahs' drink with his semen. He pleaded guilty to indecent exposure, defined as engaging in lewd or indecent behavior. He will be sentenced for the misdemeanor on May 22."
Aston Villa take on Liverpool in their FA Cup semi-final encounter on Sunday with the competition both sides' last chance to win any silverware this season. Sportsmail columnist Jamie Redknapp looks a...,"Aston Villa face Liverpool in their FA Cup at Wembley on Sunday .
The winners will either face Reading or Arsenal from the other semi-final .
FA Cup final will take place at Wembley on May 30 .",Aston Villa take on Liverpool in their FA Cup semi-final on Sunday. Christian Benteke scored the only goal of the game as Villa won 1-0 at Tottenham. Martin Skrtel will have his hands full trying to stop Benteke. Fabian Delph and Jordan Henderson are set for a midfield battle at Wembley.
Juventus and Liverpool are continuing to monitor developments with Chelsea midfielder Oscar. The Brazil international has been criticised by Jose Mourinho in recent weeks and there are question marks ...,"Chelsea could consider selling Brazilian midfielder Oscar this summer .
Both Juventus and Liverpool are keeping tracking of developments .
Oscar has struggled to maintain a first team place this season .",Chelsea and Liverpool are continuing to monitor developments with Chelsea midfielder Oscar. Brazilian has been criticised by Jose Mourinho in recent weeks. Chelsea want a playmaker for next season and Brazil boss Carlos Dunga advised them to buy Oscar.
"She may be a First Daughter, but Sarah Obama is still a teenager and can't seem to tear herself away from her music - even for a rare family nature hike. Sasha, 14, was spotted listening to earbuds as...","President Obama abruptly left the White House after reporters were sent home for the day Sunday evening .
Press pool reporters were perplexed as they questioned whether something serious had happened .
The president, Michelle and their girls hiked through Great Falls Park in Virginia for around 50 minutes until a light rain sent them packing .","Sasha Obama, 14, was spotted listening to earbuds as she, sister Malia and their parents ditched the White House - and the press pool - for an impromptu hike on Sunday. The unscheduled trip came after the White House had sent reporters home for the day, sending the presidential press pool into a temporary tumult about where President Obama and the first family had gone. Reporters initially seemed to fear that the unscheduled departure was some sort of emergency, but officials apparently tipped her off as greeted two"
Everton manager Roberto Martinez has not ruled out the prospect of Antolin Alcaraz or Sylvain Distin earning new contracts but stressed they need to prove they can still be important figures in the cl...,"Antolin Alcaraz and Sylvain Distin are out of contract in the summer .
Neither player has been a first-team regular in recent weeks .
But manager Roberto Martinez insists both can force a new deal .
Everton have identified targets for the summer, including Tom Cleverley .",Antolin Alcaraz and Sylvain Distin could get a new deal. The Toffees boss has not ruled out retaining existing senior players. The 37-year-old has played more for Everton's youth team than the first XI in the past month.
"More than 25 women have been airlifted from Royal Navy ships because of pregnancy. One ship - HMS Ocean – even had five pregnant sailors removed in emergency 'medevacs' during the last nine years, a F...","HMS Ocean had five women removed in nine years, according to new data .
At least one sailor airlifted from HMS Illustrious, nicknamed 'HMS Lusty'
MoD spokesman confirmed there was a strict 'no touching' rule in place .","More than 25 women have been airlifted from Royal Navy ships. One ship - HMS Ocean - even had five pregnant sailors removed. One woman was airlifted from HMS Illustrious, nicknamed 'HMS Lusty' by crew. Eighteen other ships - including HMS Dragon, HMS Enterprise and HMS Richmond - had emergency evacuations. Ministry of Defence spokesman confirmed there was a strict 'no touching' rule in place at sea."
"Jamie Carragher believes Chelsea captain John Terry is the best defender to have ever graced the Premier League. Terry, 34, has enjoyed another impressive season at Stamford Bridge and was the star pe...","John Terry helps Chelsea earn 0-0 Premier League draw against Arsenal .
Chelsea captain has been in brilliant form for Jose Mourinho this season .
Jamie Carragher believes Terry is the Premier League best centre back .
Mourinho: That was Terry best performance for Chelsea .
If there was a PFA Defender of the Year category, Terry would clean up!",John Terry led Chelsea to a 0-0 draw against Arsenal on Sunday. Chelsea now need just six points from five games to claim their first Premier League title since 2010. Jamie Carragher believes Terry deserves much of the credit.
"(CNN)Five years after the Deepwater Horizon rig exploded and unleashed the largest marine oil spill in the nation's history, we are still experiencing -- yet only beginning to truly understand -- its ...","Keith Crandall: Five years after the Deepwater Horizon rig exploded, we are only beginning to understand its effects on the Gulf .
A crab species may be a key indicator of the impact, he says .","Crabs play an important role in the region: Roughly 60 million pounds fished in the Gulf in 2012. Researchers documented substantial differences in appearance, deformities in crabs affected by the spill."
"A 10-year-old boy who beat a younger child to death in Canada went to his friends claiming that he had witnessed a 'big guy' strike the victim with a rock. Lee Allan Bonneau, 6, died from blunt force ...","Lee Allan Bonneau, 6, was attacked by a 10-year-old boy and beaten to death with a rock and a stick in August 2013 in Saskatchewan, Canada .
The killer, identified only as L.T., has not been charged because of his young age .
He told friends after the slaying he had witnessed a 'big guy' murder a boy .
L.T. later admitted he was the killer and pleaded, 'Don't tell on me'
The child had a history of violence, including one incident when he killed a pregnant dog and her puppies .
Lee Bonneau had been removed from his birth mother's care two and a half months before the killing and placed with foster family .","Lee Allan Bonneau, 6, died from blunt force trauma to the head in August 2013 following a savage attack on a reservation in Saskatchewan. A 10-year-old boy, identified in court documents as L.T., reportedly admitted to killing Lee Bonneau and crushing his head after initially blaming a stranger for the slaying."
"He was, as one ECB board member put it, just too accident-prone for a role that has seen him flounder in the face of the bitter fallout from an Ashes whitewash. Paul Downton was brave enough to make h...","Paul Downton was swept aside as managing director on Wednesday .
Downton lost his job following a woeful 2015 World Cup performance .
The 58-year-old's job description has been abolished as a result .",Paul Downton has left his role as managing director of England and Wales Cricket Board. Kevin Pietersen and head coach Andy Flower are sacked after the Ashes whitewash. Downton and the ECB issue an apology to Pietersen for claiming he appeared 'disinterested' and 'distracted'
"Detectives probing the suspected murder of a landlady who disappeared 17 years ago have dug up the patio of her pub. Deborah Steel, 37, who ran the Royal Standard pub in Ely, Cambridgeshire, was last ...","Landlady Deborah Steel, 37, was last seen alive on 28 December 1997 .
Police have dug up the patio of the Royal Standard pub where she worked .
A 73-year-old man is on bail and two others have  had theirs cancelled .
Detectives believe she was murdered, but body has never been found .","Deborah Steel, 37, was last seen alive just after 1am on 28 December 1997. Police believe she was killed and recently reclassified the investigation as a murder inquiry. The search has the full consent of the present landlord who is not connected with the investigation. A 73-year-old man is on bail until 29 April and two others have since had theirs cancelled."
"The old adage that an elephant never forgets appears to be true, based on a touching video showing an Asian elephant returning to her mother after years apart. After a 62-mile (100km) trek through the...","Small elephant Me-Bai is seen nuzzling her mother upon reunion .
She was sold to provide rides for tourists in Thailand when she was three .
Mother and daughter were reunited at the Elephant Nature Park sanctuary .
They caress each other with their sensitive trunks, 'chirp' and cuddle .","Me-Bai was sold to provide rides for tourists in Thailand when she was three-and-a-half years old. She didn't see her mother, who also worked in the trade, for three years. Females tend to stick together in herds until they die, sharing strong bonds. They are very rarely separated before the calf is five years of age."
Military officials in Kazakhstan have introduced a Miss Army competition in the hope of encouraging more recruits. The Kazakhstani Ministry of Defence has chosen 123 of its prettiest female soldiers a...,"Military posts photos online so viewers can vote for Miss Army competition .
Voter: 'Kazakh women are as beautiful as any others. I voted for all of them'
Another said it would also improve country's image worldwide after Borat .","Kazakhstani Ministry of Defence has chosen 123 of its prettiest female soldiers and posted their photos online. The pictures show the women in three set poses – in military uniform, with weapons and in civilian clothing – and they have already been viewed more than 30,000 times."
A seven-year-old British boy has fallen 160ft to his death from a cliff in the Alps after becoming separated from his family on a skiing holiday. Carwyn Scott-Howell got lost on the slopes and left th...,"Seven-year-old boy has died on family skiing holiday in Flaine, French Alps .
Police believe Carwyn Scott-Howell fell to his death after leaving ski slope .
It is understood he was looking for his parents when he took a wrong turn .
Got lost on piste and fell down cliff after taking off skis to try and find them .","Carwyn Scott-Howell got lost on the slopes and left the piste before walking through a treacherously steep wooded area. Police are still trying to piece together the tragic sequence of events, but believe the boy was killed instantly in the fall on Friday. Investigators are unsure how he came to be at the top of the steep 320ft-high cliff, which overshadows the Lac de Flaine."
Manny Pacquiao says he has to fight Floyd Mayweather like it is the last of his life when he touches gloves with the undefeated American in the $300m bout on May 2. The Filipino has been installed as ...,"Manny Pacquiao takes on Floyd Mayweather in $300m mega-fight on May 2 .
Filipino boxer says he will fight like it is the last of his life in Las Vegas .
Pacquiao has no doubt he will be the first to beat Mayweather .
Insists he will be a warrior in fight and will look to win each round .
Floyd Mayweather vs Manny Pacquiao: WBC unveil $1m emerald green belt .
Floyd Mayweather 'is a control freak', slams PacMan's promoter Bob Arum .",Manny Pacquiao says he has to fight Floyd Mayweather like it is the last of his life when he touches gloves with the undefeated American in the $300m mega-fight on May 2. Pacquiao says he will have to be a 'warrior in the ring' but is convinced he will win. Mayweather takes a plunge in the Cryosauna which is cooled to -175 (-115C)
"The LAPD for searching for the person who tagged a police horse with graffiti this week - but the answer may be in the so-called 'art'. The horse, Charly, was patrolling Venice Beach with his minders ...","Charly was patrolling Venice Beach with his minders Tuesday .
Somehow a tagger managed to write 'RBS' and an arrow on his flank .
The silver paint was easily cleaned off .
But police want to find the person responsible and have appealed for help .","The horse, Charly, was patrolling Venice Beach with his minders on Tuesday when the vandalism incident occurred. It was broad daylight, and somehow the person managed to spray Charlie without the handlers seeing - a move that taggers pride themselves on, but usually with stationary objects and facades. Police are hoping they will be able to track down the person responsible using the tag, which was 'RBS'"
The secret drawings and letters belonged to the co-pilot of Enola Gay bomber which dropped the bomb and reveal Captain Robert Lewis's immense guilt following the mission. He wrote a letter following t...,"The hand-drawn flightplan for bombing mission on Hiroshima is now for sale .
Unseen documents were kept by co-pilot of plane that dropped atom bomb .
Captain Robert Lewis was in the Enola Gay B29 bomber on August 6, 1945 .
Remarkable drawings put to auction by his son expected to fetch £300,000 .","Co-pilot of Enola Gay bomber wrote a letter following the bombing in which he recounts: 'My God, what have we done? How many did we kill?' The collection also includes a hand-drawn diagram, the pilot of the plane that bombed Hiroshima was told to arrive at 30,000ft, drop the payload two miles short of the city, then veer away sharply at 28,500ft."
"The warmth of a sun has long been thought to be a key ingredient to life. But astronomers say 'rogue', sun-less planets that wander the stars  could still harbour extra-terrestrials. While it sounds l...","Comments were made by Sean Raymond, an astrophysicist in France .
He says internal heat of rogue planets could allow liquid water to form .
Writing in Aeon, he also says a thick atmosphere may help life develop .
Astronomers have found 50 of these rogue planets in the past 15 years .","The warmth of a sun has long been thought to be a key ingredient to life. But astronomers say 'rogue', sun-less planets could still harbour extra-terrestrials. This is according to an astrophysicist with the Laboratoire d'Astrophysique de Bordeaux in France."
"This is the terrifying moment a woman drives the wrong way down a highway and plows into oncoming traffic in an apparent suicide attempt. Jack Rivera, a New York trucker, captured the collision on his...","Jack Rivera, a New York trucker, captured the collision on his dashcam as he drove along the Interstate 35E in Texas last Wednesday .
Police said the driver in the SUV, identified as Laura Michelle Mayeaux, may have been intoxicated and trying to take her own life .
She was transported to Baylor University Medical Center in Dallas because of the injuries she sustained during the wreck .
Her last known condition was reported as critical .
It is not known if Mayeaux will face charges and the event remains under investigation .","Jack Rivera, a New York trucker, captured the collision on his dashcam as he drove along the Interstate 35E in Texas last Wednesday. Footage shows the driver of a black SUV, identified as 49-year-old Laura Michelle Mayeaux, coming off at the 397 exit and veering over to the wrong side of the lane. She then steers head-on into a truck which rolls over on its side with debris flying everywhere."
"Baby Malakai has been alive for seven months and he's never left the hospital. The newborn cannot see, cannot hear and struggles to breath. Doctors say he may not ever be able to walk. Having been dia...","Baby boy Malakai suffers rare medical condition Pallister Killian Syndrome .
Malakai cannot see, cannot hear, struggles to breath and may never walk .
Stacy Maitai gave up everything to take care of her seven-month-old son .
Mother-of-two has been forced to survive on $90 a week from Centrelink .
Cannot receive further financial assistance as she is not Australian citizen .
The single mother moved from New Zealand to Perth about four years ago .
A fundraising page has been set up to help the struggling family .","Mother Stacy Maitai had to give up her job in Perth in order to care for her son full-time. He is not eligible for further financial assistance from Centrelink as she is not an Australian citizen. About 15 to 20 cases of PKS are known to be in Australia, according to the Pallister Killian Syndrome Foundation of Australia."
A Hollywood-inspired experiment to help dementia patients by waking them up with video recordings from loved ones is taking place in New York. The hope is that the videos shown to residents of a care ...,"Residents at Hebrew Care Home in New York are woken by video recordings from loved ones to help ease their confusion and agitation .
Idea was inspired by the 2004 film 50 First Dates starring Adam Sandler .
Experiment will be evaluated next month but results are 'very positive'","The idea is borrowed from the 2004 Adam Sandler film 50 First Dates. Drew Barrymore's character suffers a brain injury and memory loss each day. A suitor, played by Sandler, uses videos to remind her of him."
"An Arizona man who suffers from an extreme case of a tumor disorder in which his body is covered in noncancerous lumps said he finally has a feeling of belonging. Bob Heslip, 50, suffers from Neurofib...","Bob Heslip, 50, suffers from Neurofibromatosis type 1 (NF-1)
Condition causes noncancerous lumps to appear all over his body .
He accepted offer to perform at freakshow on weekends as 'Bubble Boy'
Other performers include bearded lady and America's smallest couple .
He said: 'When I met the performers, there was a feeling of belonging'","Bob Heslip, 50, suffers from Neurofibromatosis type 1 or NF-1, which is caused by a gene malfunction that causes the bubble-like bumps to appear all over his body. However, he says he feels comfortable in his skin for the first time in his life now that he has joined the Venice Beach Freakshow. He has met performers including a bearded lady and America's smallest couple."
"A 13-year-old boy allegedly stole a $25,000 stack of cash from his own grandfather and handed out wads of notes to his school friends. The unnamed child from Medina, Ohio, gave out $100 notes in the c...","Unnamed child from Medina, Ohio, allegedly swiped cash from bedside table .
Police say he handed out $100 notes at school, then at a friend's house .
Also gave money to children's parents, who took them on spending spree .
After authorities found out, some $7,000 of the stash has been recovered .
Prosecutors say charges will soon be filed in the case .","The unnamed 13-year-old from Medina, Ohio, gave out $100 notes in the classroom before going to a friend's house after school. The group of friends then went on a shopping spree after the mass giveaway, which began last Wednesday at the town's Claggett Middle School."
"The title race appears to be over, but what about the fight to stay in the Premier League? No one is dead and buried and even Sunderland in 15th are a bad weekend away from falling into the relegation...","Six teams are embroiled in a close battle to avoid the Premier League drop .
Seven points split 20th placed Leicester with Sunderland in 15th .
Aston Villa play Burnley on the last day  as QPR host Leicester .",Sunderland in 15th are a bad weekend away from falling into the relegation zone. Aston Villa drew 3-3 against Queens Park Rangers on Tuesday. Christian Benteke scored a hat-trick as Villa drew 3-3.
Bastia president Pierre-Marie Geronimi has called for French League (LFP) president Frederic Thiriez to step down after he did not come down to the pitch to shake the players' hands ahead of Saturday'...,"French League president Frederic Thiriez did not shake players hands ahead of the League Cup final .
Bastia lost 4-0 to PSG thanks to Zlatan Ibrahimovic and Edinson Cavani .
In 2012, Thiriez did not hand Bastia their Ligue 2 champions' trophy .
Saturday's win led the Parisian club to lift their fifth League Cup trophy .",Bastia president Frederic Thiriez has been asked to resign by Bastia president Pierre-Marie Geronimi. Thiriez did not come down to the pitch to shake the Bastia players' hands. Thiriez did not hand Bastia their Ligue 2 champions' trophy in 2012.
It is a decade to the day  that Myuran Sukumaran and Andrew Chan's lives were changed forever after being arrested  for the Bali Nine drug smuggling operation. Friday is also Sukumaran's 34th birthday...,"It's a decade to the day that Bali Nine pair were arrested for drug smuggling .
Friday also marks 34th birthday of Sukumaran who will spend behind bars .
His cousin has organised exhibition of his paintings in London .
Sukumaran and Chan's fate rests with a court that  that has previously recommended an option of a life sentence for reformed inmates .","Myuran Sukumaran and Andrew Chan were arrested for the Bali Nine drug smuggling operation on April 17, 2005. The pair were identified as leaders of the plot to smuggle 8.3kg of heroin, taped to the bodies of young mules, and sentenced to death. Their lawyers have been desperate to show the courts their rehabilitation over the past decade. Their cousin Niranjela Karunatilake has organised an exhibition of his paintings at the Amnesty International headquarters."
"You might think opting for a salad or sandwich for lunch will see you on your way to a healthy lifestyle. But in fact sandwiches and pasta salads can contain more fat, calories and sugar than burgers ...","Some apparently healthy meals worse for you than demonised junk foods .
Asda’s Piri Piri Chicken Pasta Salad contains a surprising 46.5g of fat .
This exceeds the 43.3g found in a Burger King Bacon and Cheese Whopper .
Caffè Nero has more fat than McDonald’s Quarter Pounder with Cheese .","Some apparently healthy meals are worse for you than demonised junk foods, researchers have found. For example, Asda’s Piri Piri Chicken Pasta Salad contains 46.5g of fat – two thirds of the recommended daily intake for an adult. Meanwhile a Marks & Spencer Chicken and Smoked Bacon Salad sandwich contains 694 calories and 37.1g of fat – but a Pizza Express Classic Margherita pizza has 683 calories and contains only 22.5g of fat. And a 624-calorie Brie and Bacon Panini"
"Officers who rushed to the scene of the Colorado theater shooting entered a hellish world of bloody victims, noxious smells and blaring sounds - a gloomy darkness pierced by bright flashes from a fire...","Victims of the 2012 Colorado movie theater shooting testified in court on Wednesday as the trial of suspect James Holmes continued .
Police officers who responded to the scene also spoke in court about the incident which resulted in the deaths of 12 moviegoers .
If convicted, Holmes could face the death penalty .
His defense attorneys argue that he was insane .","Aurora, Colorado shooting suspect James Holmes is charged with multiple counts of murder and attempted murder. He admits he was the shooter, his defense attorneys say, but schizophrenia had taken control of his mind and compelled him to kill. His lawyers want the jury to find him not guilty by reason of insanity, which would send him to the state mental hospital indefinitely. Prosecutors say Holmes was sane and fully aware that what he was doing was wrong."
"Joke: Hayleigh Mcbay, of Elgin in Moray, Scotland, pretended to dump her boyfriend David Clarke . A teenage girl was left red-faced today after an April Fools' Day prank she made on her boyfriend  bac...","Hayleigh Mcbay, from Elgin, Scotland, dumped her boyfriend as a joke .
But when 17-year-old told David Clarke, he replied that he was pleased .
David was actually calling Hayleigh's bluff and the pair are still dating .
Screenshot tweet of conversation retweeted more than 12,000 times .","Hayleigh Mcbay, 17, pretended to dump David Clarke via WhatsApp at midnight. But the girl from Elgin in Moray, Scotland, was given a taste of her own medicine when he pretended that also wanted to break up. But Hayleigh shot back: 'What? What do you mean? So you don't want to be with me?'"
A section  of Arsenal and Liverpool fans left their seats empty at the Emirates Stadium for the first 10 minutes of their lunchtime Barclays Premier League clash in a protest against ticket prices. Su...,"Arsenal and Liverpool fans left seats empty at kick-off as part of a protest .
Supporter groups say they are disgusted at Premier League ticket prices .
More protests are expected after the lunchtime kick-off at the Emirates .","Tickets at the sold-out Emirates start from £64 for the 12.45pm kick-off. The cheapest tickets for the lunchtime kick-off were £64, some of the highest prices in the Premier League. Supporters from both clubs say they are 'disgusted' at the continuing rise of ticket prices. The protest comes after the announcement of the £5.14billion TV rights deal."
"When she was 15 weeks pregnant with her fifth child, Clare Van Santen was told she had breast cancer. 'I was pregnant with Elijah when I found out that I had breast cancer, so it was a bit scary wonde...","Clare Van Santen, 37, has Stage 4 breast cancer, which means it's terminal .
Single mum-of-five was first diagnosed in 2005 while pregnant with her son .
She underwent chemotherapy and a mastectomy to fight the cancer .
Then in October 2013 she learned it had spread to her liver and shoulder .
Discovered she had tumors in her brain after a seizure in February 2015 .
Now she has thrown her support behind the Buying Time Campaign .
It urges people to donate to fund more breast care nurses and services .","Clare Van Santen, 37, was diagnosed when she was 15 weeks pregnant with her fifth child, Elijah, now aged nine. The single mother-of-five was told her cancer is now terminal. She has a bucket list of things she wants to do with her children, whose ages range from 20 to nine years old."
Watford dramatically clinched promotion to the Premier League on Saturday on a typically manic afternoon in the Championship - and insist they're well-equipped to stay in the top flight. Slavisa Jokan...,"Watford have sealed an automatic return to the Premier League following their 2-0 win at Brighton and Middlesbrough's 4-3 loss at Fulham .
Players celebrated wildly on the team-bus as the news came in .
Defender Tommie Hoban is confident that the team has what it takes to stay up next season and insists they already have a strong squad to build on .",Watford beat Brighton 2-0 at the Amex Stadium on Saturday. Fulham beat Aitor Karanka's Boro 4-3 in stoppage time. Tommie Hoban has called the club's promotion an 'unbelievable achievement'
"(CNN)[Breaking news update, posted at 11:52 p.m. ET] . Denver police report nine arrests in Wednesday's demonstrations.  The charges include assault of a police officer, robbery, resisting police, dis...","Police arrest demonstrators near Union Square in New York .
Protests also held in Washington, Minneapolis and Boston .","Denver police report nine arrests in Wednesday's demonstrations. The charges include assault of a police officer, robbery, resisting police, disobedience to lawful orders. Protesters headed west on 17th Street and were met by New York City Police."
"It is matches like this that makes one wonder just how good Gael Monfils could have been; and perhaps how good he still can be. The Frenchman is sometimes fantastic, often frustrating and always flamb...","Gael Monfils beat Roger Federer 6-4, 7-6 at the Monte Carlo Masters .
The Frenchman showed how good he can be in thrilling last-16 win .
Monfils now faces Grigor Dimitrov in the quarter-finals in Monaco .","Gael Monfils beat Roger Federer 6-4, 7-6 at the Monte Carlo Masters. The Frenchman will face Grigor Dimitrov in the quarter-finals. Monfils will face Grigor Dimitrov in the final."
Lionel Messi has recovered from his injured foot and should be fit to start Sunday's La Liga match with Celta Vigo. The Argentina forward sat out both of his country's friendlies against El Salvador a...,"Messi completed a light training session at Barcelona on Thursday .
He has almost recovered from a foot injury sustained in Clasico with Real .
Argentina star sat out friendly matches with El Salvador and Ecuador .
Barcelona hoping to maintain La Liga lead against Celta Vigo .
Luis Enrique's team remain on course for the Treble .",Lionel Messi has recovered from his foot injury and should be fit to start Sunday's La Liga match with Celta Vigo. Messi trained alongside compatriot Javier Mascherano on Thursday. The 27-year-old is the La Liga top goalscorer with 32 goals.
"Abu Dhabi, United Arab Emirates (CNN)Lost luggage after a long flight is a common, frustrating occurrence of modern air travel. And sometimes, airlines lose things that are irreplaceable. American Jen...","Couple spends $1,200 to ship their cat, Felix, on a flight from the United Arab Emirates .
Felix went missing somewhere at John F. Kennedy International Airport, airline says .
Pets are ""treated no differently than a free piece of checked luggage,"" Jennifer Stewart says .",Jennifer Stewart and her husband booked the cat's flight from Abu Dhabi to New York. Etihad Airways is investigating the incident and is working with ground handlers at the New York airport.
"A senior aide to US Senator Kelly Ayotte has resigned after he was arrested for allegedly soliciting a prostitute, the senator's office said. David Wihby, 61, was arrested on Friday in Nashua on a mis...","David Wihby, 61, has been New Hampshire Senator Kelly Ayotte's state director for the last year .
He was arrested on Friday on a misdemeanor charge for solicitation of prostitution and stepped down from his government role on Saturday .
He was one of ten men arrested in the last week by Nashua, New Hampshire, police in prostitution sting .
Ayotte said in a statement that she was 'shocked and deeply saddened' by Wihby's arrest .","David Wihby, 61, was arrested on Friday in Nashua on a misdemeanor charge for solicitation of prostitution and resigned on Saturday. Wihby has been the New Hampshire Republican's state director for the last year and her number-two staffer behind the chief of staff. Ayotte also called Wihby her longtime friend."
Conor O’Shea has revealed his concern at the increasing force of rugby’s collisions after Harlequins and England full back Mike Brown was consigned to even more time on the sidelines to recover from t...,"Brown was consigned to even more time on the sidelines to recover from the latest high-profile head injury .
he has not played since the final round of the RBS 6 Nations on March 21, is still suffering headaches after a week-long holiday in Dubai .
The episode raises questions about whether the 29-year-old was brought back too early for England’s title-decider against France .",Mike Brown hasn't played since the final round of the RBS 6 Nations on March 21. Harlequins and England full back was knocked out in a collision with Italy's Andrea Masi last month. Brown is still suffering headaches after a week-long holiday in Dubai.
"Arsene Wenger has revealed he only makes the final decision on his starting line-up on the morning of the match - and agonises over the selection all week. The Arsenal manager, who has taken charge of...","Wenger has spoken about the process of selecting Arsenal teams .
The Arsenal manager has eight or nine of the team decided by matchday .
But the final decision is made in the hours immediately before kick-off .
Sometimes the thought process to pick perfect XI takes all week .
CLICK HERE for all the latest Arsenal news .","Arsene Wenger has taken charge of 1,056 matches since his appointment in September 1996. The Frenchman has taken charge of 1,056 matches since his appointment in September 1996. He said: 'Every single detail can go for one of them - experience, confidence under pressure'"
"Manny Pacquiao hardly needs added motivation to work hard ahead of his May 2 mega-fight against Floyd Mayweather, but a personalised gift from celebrity lawyer Robert Shapiro has provided some neverth...","Manny Pacquiao and Floyd Mayweather meet in Las Vegas on May 2 in 'The Fight of the Century'
Filipino Pacquiao was given a speed ball with the face of Floyd Mayweather on it on Monday .
Pacquiao then got down to business with a training session at Wild Card Boxing gym .
WATCH: Pacquiao sings and directs his own music video for walk-out tune ahead of mega-fight with Mayweather .
READ: UFC icon Ronda Rousey backs Pacquiao as Fast and Furious 7 star visits Filipino ahead of Mayweather fight .",Manny Pacquiao laughed with trainer Freddie Roach on Monday. The celebrity lawyer gave him a custom-made speed ball with Mayweather's face painted on it. Robert Leslie Shapiro is a civil litigator working out of Los Angeles-based firm Glaser Weil Fink Jacobs Howard Avchen & Shapiro.
"As inexperienced first-time parents we shower our baby with gifts and document their every milestone. But second children are left to rely on hand-me-downs, with around £500 less spent on them in thei...","Parents spend more on  first child because of excitement and inexperience .
Survey by Debenhams  shows more pictures and videos taken of first child .
Second children have to put up with fewer new clothes and cuddly toys .","More than a third of mothers clothed their second baby in one or more hand-me-downs, with 46 per cent giving them toys bought for their elder sibling. 82 per cent have a memento of their first child, such as a lock of hair or a video of their first steps, only 23 per cent have a keepsake for their second."
Manchester United and Chelsea will be taking part in the International Champions Cup in the US this summer. The Premier League rivals announced on Wednesday afternoon that they would take part in the ...,"Manchester United and Chelsea to take part in summer tournament .
PSG and Barcelona also set to play in International Champions Cup .
Details to be revealed during press conference in New York on April 28 .
United won the ICC last year after a 3-1 final victory against Liverpool .
The tournament is set to be played between July 11 and August 5 .
Steven Gerrard could also feature for LA Galaxy in North America .","Barcelona, Porto, Paris Saint-Germain, Fiorentina, and MLS sides New York Red Bulls, San Jose Earthquakes and LA Galaxy will take part in the International Champions Cup. The pre-season tournament is now in its third year and will be played between July 11 and August 5. The full details will be revealed at a press conference in New York on April 28."
"How do you fancy taking a tour of the Grand Mosque of Abu Dhabi, seeing Berlin's historic Checkpoint Charlie or exploring Cape Peninsula in South Africa? You can now have a real holiday 'e-xperience' ...","Experience Berlin for £14, South Africa for £21 and Abu Dhabi for just £29 .
New concept of 'the holiday' is brainchild of Park Inn by Radisson .
Programme will post your actions 'on holiday' to social networks .",Park Inn by Radisson has announced the launch of a new virtual travel service which redefines the concept of 'holiday' For just the fraction of the price of a traditional 'holiday' the holidays take management of an individual's social media profiles and 'transports' them away on the 'e-trip' of a lifetime.
A contestant on Friday night's episode of Jeopardy left a lasting impression with viewers for all the wrong reasons after giving a highly inappropriate answer to a question about puberty. Host Alex Tr...,"A contestant called Tom left a lasting impression with viewers for all the wrong reasons on Friday night .
Host Alex Trebek asked: 'In common law, the age of this, signaling adulthood, is presumed to be 14 in boys & 12 in girls?'
The first contestant to press his buzzer was Tom who inexplicably answered: 'What is the age of consent?'
The correct answer was puberty and Tom's inappropiate reply left him trending on Twitter .","Host Alex Trebek asked: 'In common law, the age of this, signaling adulthood, is presumed to be 14 in boys & 12 in girls?' The first contestant to press his buzzer was Tom, a freemason, who inexplicably answered: 'What is puberty?' The correct answer is of course: 'What is puberty?', while the age of consent in the U.S. varies between 16 and 18 depending on the state."
"(CNN)In the end, it played out like a movie. A tense, heartbreaking story, and then a surprise twist at the end. As eight of Mary Jane Veloso's fellow death row inmates -- mostly foreigners, like her ...","Indonesia executed eight drug smugglers Wednesday morning .
Mary Jane Veloso was meant to be the ninth but was given reprieve .
Supporters, family ""overjoyed"" -- Indonesia stresses it's just a delay .","Mary Jane Veloso was arrested in 2010 after a flight from Malaysia to Indonesia. She was arrested in 2010 after a $500,000 worth of heroin was discovered in her luggage. Philippine Embassy in Jakarta welcomes the reprieve."
"Incredible footage of a Sydney train station flooding during the storm of a decade on Wednesday has been captured on CCTV. A time lapse video, filmed from the platform over a 45 minute period at 11am,...","The video was filmed over 45 minutes at Bardwell Park station in Sydney .
It shows the rising flood water taking over the train tracks .
Sydney's two-day total rain fall totalled about 225mm on Wednesday .
The flooding caused a partial closure of the airport train line .","Sydney's two-day total rainfall totalled about 225mm by 9am Wednesday – the most fall for almost 17 years. A time lapse video, filmed from the platform over a 45 minute period at 11am, shows the water creeping along the tracks at Bardwell Park in Sydney's south. The murky flood water eventually submerges the train line and begins moving like a river past the platform."
"A merry widow from Edinburgh who loves to party the night away dancing on tables admits her lifestyle is a far cry from her own grandparents. Pat Ingles, 69, remembers her grandmother sitting by the f...","Pat Ingles, 69, from Edinburgh, loves to wear high heels and party .
Dresses up in risque outfits and heels and has pole dancing lessons .
Cared for her husband before he died and is focusing on herself now .
Her granddaughter, 20, thinks her nana is 'cool'","Pat Ingles, 69, enjoys pole dancing with friend Julia, 67. Grandmother-of-three lost husband 12 years ago to prostate cancer."
"With the helpless animals clutched tightly under his arms, this is the moment a suspected dog thief made off with two beloved family pets. Pekingese Marley and Mitzy had been left to play in the front...","Pekingese dogs Marley and Mitzy were taken from garden in Doncaster .
Suspected pet-napper caught on camera after the animals were snatched .
Theft reported to the police and owners offer £1,000 reward for their return .",Pekingese Marley and Mitzy had been left to play in garden by owners Adele and Steven Worgan. But they were snatched when the couple weren't looking – and neighbours believe they have caught the culprit on CCTV.
"Rafa Nadal got his clay court season off to a perfect, confidence-boosting start with a 6-2, 6-1 win over Frenchman Lucas Pouille in the Monte Carlo Masters. It was a businesslike display from the wor...","Rafa Nadal beat Lucas Pouille 6-2, 6-1 in the second round on Wednesday .
Spaniard got his clay court season off to a perfect start with a routine win .
World No 5 made just five unforced errors as he booked third round place .","Rafael Nadal beat Lucas Pouille 6-2, 6-1 in the Monte Carlo Masters. Nadal is an eight-time champion at Monte Carlo but hasn't won the tournament since 2012. The Spaniard will face either John Isner or Viktor Troicki in the third round."
"Cairo (CNN)An Egyptian court has sentenced 71 people to life in prison for their role in the August 2013 burning of a Christian church in the Giza province village of Kafr Hakim, state news reports. T...","2 minors were sentenced to 10 years in prison, in addition to adults getting life .
52 of the 73 defendants were sentenced in absentia .
The Virgin Mary Church was burned along with dozens of others in August 2013 .","A court has sentenced 71 people to life in prison for their role in the burning of a Christian church in Kafr Hakim. Some of the defendants chanted against Coptic Christians and called for Egypt to become an ""Islamic state"" Some blamed the church and other attacks on supporters of the Islamist movement that backed Mohamed Morsy."
"Why buy a fishing boat, when you can make one out of household furniture? Auckland coastguards have had the shock of their life after receiving an alert that about 5 homemade 'boats' were taking part ...","Auckland coastguards received unusual call out to a homemade boat race .
The race saw 15 'boats' including a floating Subaru car and couch on tyres .
One vessel capsized outside of the harbour, however no one was injured .
Hibiscus Coastguards posted their delight at everyone wearing life jackets .","5 homemade 'boats' were taking part in an annual fishing event on Sunday. Participants included a couch strapped to a stack of tyres and a floating Subaru car. One vessel capsized outside of the harbour, causing three people to have a bit of a paddle. The voluntary rescue unit, Hibiscus Rescue and North Shore Rescue lent a hand to the fishermen as alcohol appeared to be involved."
"Antarctica has experienced its highest temperature on record, according to meteorologists. Sensors at Argentina's Esperanza Base on the northern tip of the Antarctic Peninsula recorded a temperature o...","Temperatures at Esperanza Base on Antarctic Peninsula reached 63.5°F .
Area was hit by two day heatwave that beat previous temperature records .
Antarctic Peninsula is one of the fastest warming areas on the continent .","Sensors at Argentina's Esperanza Base recorded a temperature of 17.5°C (63.5°F) This is potentially a new record for the warmest temperature measured on the frozen continent. Over a two day period last week temperatures reached 17.4°C (63.3°F) and 17.5°C (63.5°F) However, the heatwave on the coldest continent on Earth has still to be officially certified by the World Meteorological Organisation."
"The Old Bailey was told that Kazi Islam, 18, sent texts to Harry Thomas, 19, who had learning difficulties, persuading him to buy parts for a bomb . A teenager bullied and groomed a friend with learni...","Kazi Islam, 18, accused of grooming Harry Thomas, 19, for acts of terror .
Islam met Mr Thomas, who has learning difficulties, at east London college .
Tried to persuade Mr Thomas to buy ingredients for pipe bomb, court told .
Used 'cake' as code in text message, but Mr Thomas did not understand .
Islam denies preparing for acts of terrorism and his trial continues .","Kazi Islam, 18, sent messages via his Blackberry to Harry Thomas, 19,. He praised Lee Rigby's killers and encouraged him to buy a knife. He used 'cake' as code for bomb but failed to understand his ingenious ruse. Thomas replied: 'Cake? U mean the b o m b', jury told."
Manchester City are planning to table a mega-bid for Raheem Sterling on the day the transfer window reopens. The reigning Barclays Premier League champions have made the Liverpool forward a primary ta...,"Manchester City have made Liverpool's Raheem Sterling a primary target .
Liverpool value Sterling at £50million - a fee Man City can afford .
The Reds are likely to demand a  cash fee for the England international .",Raheem Sterling is a primary target for Manchester City this summer. The club plan to make a major statement by making a formal offer for the forward at the earliest possible opportunity. City believe they are leading the race to land Sterling this summer.
"A chilling new jihadi video has emerged on social media, showing a new militia of female jihadis firing machine guns and practising drills in Syria. All of the women are fully veiled, making it hard t...","Female jihadis shown firing AK 47 rifles and parading in the Syrian countryside .
The group of women enthusiastically chant slogans about Islam and jihad .
Fully dressed in burqas, some of the women appear to struggle with their weapons .
The footage was filmed near the ancient pilgrim site of St Simeon's Church, around 60km from the Syrian city of Aleppo.","All of the women are fully veiled, making it hard to identify individuals but it is possible the group may be linked to Islamic State."
